Местное время в Санкт-Петербурге,Tемпература,Скорость ветра,Осадки
2014-11-05T21:00:00Z,3.4,1.0, 
2014-11-05T18:00:00Z,3.7,2.0, 
2014-11-05T15:00:00Z,6.9,2.0, 
2014-11-05T12:00:00Z,9.0,3.0, 
2014-11-05T09:00:00Z,7.7,5.0,Состояние неба в общем не изменилось. 
2014-11-05T06:00:00Z,7.6,5.0,Дождь
2014-11-05T03:00:00Z,8.2,3.0, 
2014-11-05T00:00:00Z,9.3,4.0, 
2014-11-04T21:00:00Z,9.5,4.0, 
2014-11-04T18:00:00Z,10.2,4.0, 
2014-11-04T15:00:00Z,10.4,2.0,
2014-11-04T12:00:00Z,9.7,3.0,
2014-11-04T09:00:00Z,9.5,4.0,Морось
2014-11-04T06:00:00Z,8.7,4.0,Морось
2014-11-04T03:00:00Z,8.0,4.0,
2014-11-04T00:00:00Z,7.2,4.0,
2014-11-03T21:00:00Z,6.2,3.0,Состояние неба в общем не изменилось. 
2014-11-03T18:00:00Z,5.8,4.0,Морось
2014-11-03T15:00:00Z,5.7,3.0, 
2014-11-03T12:00:00Z,5.5,3.0, 
2014-11-03T09:00:00Z,5.3,3.0, 
2014-11-03T06:00:00Z,4.9,3.0, 
2014-11-03T03:00:00Z,4.5,3.0,Состояние неба в общем не изменилось. 
2014-11-03T00:00:00Z,3.2,2.0,Морось
2014-11-02T21:00:00Z,2.3,3.0,Морось
2014-11-02T18:00:00Z,1.5,3.0,Снег
2014-11-02T15:00:00Z,1.0,3.0,Снег
2014-11-02T12:00:00Z,0.6,4.0,"Град, ледяной дождь"
2014-11-02T09:00:00Z,-0.4,2.0, 
2014-11-02T06:00:00Z,-0.4,2.0, 
2014-11-02T03:00:00Z,0.4,1.0, 
2014-11-02T00:00:00Z,0.4,1.0, 
2014-11-01T21:00:00Z,0.4,1.0, 
2014-11-01T18:00:00Z,0.3,2.0, 
2014-11-01T15:00:00Z,1.6,2.0, 
2014-11-01T12:00:00Z,0.2,3.0, 
2014-11-01T09:00:00Z,-1.1,2.0, 
2014-11-01T06:00:00Z,0.0,1.0, 
2014-11-01T03:00:00Z,2.2,1.0,Состояние неба в общем не изменилось. 
2014-11-01T00:00:00Z,2.7,2.0,Состояние неба в общем не изменилось. 
2014-10-31T21:00:00Z,3.0,2.0,Снег
2014-10-31T18:00:00Z,2.7,2.0, 
2014-10-31T15:00:00Z,5.2,2.0, 
2014-10-31T12:00:00Z,5.3,3.0, 
2014-10-31T09:00:00Z,5.1,2.0, 
2014-10-31T06:00:00Z,4.8,2.0, 
2014-10-31T03:00:00Z,4.6,2.0, 
2014-10-31T00:00:00Z,5.6,3.0, 
2014-10-30T21:00:00Z,6.0,3.0, 
2014-10-30T18:00:00Z,6.0,1.0, 
2014-10-30T15:00:00Z,8.8,2.0, 
2014-10-30T12:00:00Z,7.0,2.0, 
2014-10-30T09:00:00Z,6.6,1.0, 
2014-10-30T06:00:00Z,6.6,2.0, 
2014-10-30T03:00:00Z,9.0,3.0, 
2014-10-30T00:00:00Z,9.7,5.0, 
2014-10-29T21:00:00Z,10.0,5.0, 
2014-10-29T18:00:00Z,11.8,6.0, 
2014-10-29T15:00:00Z,13.6,5.0, 
2014-10-29T12:00:00Z,11.7,3.0, 
2014-10-29T09:00:00Z,8.6,2.0, 
2014-10-29T06:00:00Z,9.0,4.0, 
2014-10-29T03:00:00Z,10.1,4.0, 
2014-10-29T00:00:00Z,10.1,4.0, 
2014-10-28T21:00:00Z,11.2,5.0,Состояние неба в общем не изменилось. 
2014-10-28T18:00:00Z,10.9,4.0,Слабый дождь
2014-10-28T15:00:00Z,10.7,5.0,Слабый дождь
2014-10-28T12:00:00Z,10.4,5.0,Слабый дождь
2014-10-28T09:00:00Z,10.0,3.0,Морось
2014-10-28T06:00:00Z,9.9,4.0,Морось
2014-10-28T03:00:00Z,10.1,3.0,Морось
2014-10-28T00:00:00Z,9.5,3.0,Морось
2014-10-27T21:00:00Z,8.6,3.0,Морось
2014-10-27T18:00:00Z,8.8,5.0,Состояние неба в общем не изменилось. 
2014-10-27T15:00:00Z,7.3,6.0,Слабый дождь
2014-10-27T12:00:00Z,7.0,3.0, 
2014-10-27T09:00:00Z,5.3,3.0, 
2014-10-27T06:00:00Z,4.0,4.0, 
2014-10-27T03:00:00Z,3.6,3.0,Состояние неба в общем не изменилось. 
2014-10-27T00:00:00Z,3.2,2.0,Состояние неба в общем не изменилось. 
2014-10-26T21:00:00Z,2.3,4.0,Морось
2014-10-26T18:00:00Z,2.3,2.0, 
2014-10-26T15:00:00Z,1.8,3.0, 
2014-10-26T12:00:00Z,1.0,3.0, 
2014-10-26T09:00:00Z,0.2,4.0, 
2014-10-26T06:00:00Z,0.6,3.0, 
2014-10-26T03:00:00Z,0.5,3.0, 
2014-10-26T00:00:00Z,1.1,3.0, 
2014-10-25T21:00:00Z,1.6,3.0, 
2014-10-25T18:00:00Z,2.1,4.0, 
2014-10-25T15:00:00Z,2.2,2.0, 
2014-10-25T12:00:00Z,0.4,3.0, 
2014-10-25T09:00:00Z,-1.7,2.0, 
2014-10-25T06:00:00Z,-1.0,2.0, 
2014-10-25T03:00:00Z,-0.6,3.0, 
2014-10-25T00:00:00Z,0.0,3.0, 
2014-10-24T21:00:00Z,0.2,1.0, 
2014-10-24T18:00:00Z,0.3,1.0, 
2014-10-24T15:00:00Z,1.5,2.0, 
2014-10-24T12:00:00Z,0.6,2.0, 
2014-10-24T09:00:00Z,-2.8,1.0, 
2014-10-24T06:00:00Z,-3.9,0.0, 
2014-10-24T03:00:00Z,-1.9,1.0, 
2014-10-24T00:00:00Z,-0.3,1.0, 
2014-10-23T21:00:00Z,-0.5,1.0, 
2014-10-23T18:00:00Z,-0.2,2.0, 
2014-10-23T15:00:00Z,-0.2,2.0,Состояние неба в общем не изменилось. 
2014-10-23T12:00:00Z,-1.4,1.0,Состояние неба в общем не изменилось. 
2014-10-23T09:00:00Z,-5.0,1.0,Снег
2014-10-23T06:00:00Z,-5.0,1.0,Снег
2014-10-23T03:00:00Z,-3.4,1.0,Снег
2014-10-23T00:00:00Z,-3.4,1.0,Снег
2014-10-22T21:00:00Z,-3.8,2.0,Снег
2014-10-22T18:00:00Z,-4.1,3.0,Снег
2014-10-22T15:00:00Z,-2.6,2.0,Состояние неба в общем не изменилось. 
2014-10-22T12:00:00Z,-2.1,2.0,Снег
2014-10-22T09:00:00Z,-2.5,1.0,Снег
2014-10-22T06:00:00Z,-1.8,1.0, 
2014-10-22T03:00:00Z,-2.0,1.0,Состояние неба в общем не изменилось. 
2014-10-22T00:00:00Z,-0.3,1.0,Снег
2014-10-21T21:00:00Z,0.3,2.0,Снег
2014-10-21T18:00:00Z,0.7,1.0,Состояние неба в общем не изменилось. 
2014-10-21T15:00:00Z,0.4,2.0,Снег
2014-10-21T12:00:00Z,0.6,3.0,Состояние неба в общем не изменилось. 
2014-10-21T09:00:00Z,1.2,2.0,Снег
2014-10-21T06:00:00Z,1.7,2.0, 
2014-10-21T03:00:00Z,2.0,2.0, 
2014-10-21T00:00:00Z,2.4,2.0, 
2014-10-20T21:00:00Z,2.9,2.0,Состояние неба в общем не изменилось. 
2014-10-20T18:00:00Z,2.8,1.0,Морось
2014-10-20T15:00:00Z,3.2,1.0,Состояние неба в общем не изменилось. 
2014-10-20T12:00:00Z,2.7,1.0,Морось
2014-10-20T09:00:00Z,1.6,1.0,Состояние неба в общем не изменилось. 
2014-10-20T06:00:00Z,1.7,1.0,Морось
2014-10-20T03:00:00Z,1.4,2.0,Морось
2014-10-20T00:00:00Z,1.4,1.0,Морось
2014-10-19T21:00:00Z,1.0,1.0,Морось
2014-10-19T18:00:00Z,0.8,3.0,Слабый дождь
2014-10-19T15:00:00Z,0.6,1.0,Снег
2014-10-19T12:00:00Z,0.4,3.0,Снег
2014-10-19T09:00:00Z,0.7,2.0, 
2014-10-19T06:00:00Z,0.9,2.0, 
2014-10-19T03:00:00Z,0.7,2.0, 
2014-10-19T00:00:00Z,-1.0,0.0, 
2014-10-18T21:00:00Z,0.4,0.0, 
2014-10-18T18:00:00Z,1.8,1.0, 
2014-10-18T15:00:00Z,3.8,2.0, 
2014-10-18T12:00:00Z,1.9,1.0, 
2014-10-18T09:00:00Z,-2.2,2.0, 
2014-10-18T06:00:00Z,-2.2,2.0, 
2014-10-18T03:00:00Z,-1.6,1.0, 
2014-10-18T00:00:00Z,-1.5,1.0, 
2014-10-17T21:00:00Z,-0.4,2.0, 
2014-10-17T18:00:00Z,0.7,2.0, 
2014-10-17T15:00:00Z,1.7,2.0, 
2014-10-17T12:00:00Z,1.8,1.0, 
2014-10-17T09:00:00Z,-0.6,1.0, 
2014-10-17T06:00:00Z,-1.2,1.0, 
2014-10-17T03:00:00Z,-1.0,1.0, 
2014-10-17T00:00:00Z,0.4,1.0, 
2014-10-16T21:00:00Z,1.8,2.0, 
2014-10-16T18:00:00Z,3.0,1.0, 
2014-10-16T15:00:00Z,3.8,1.0, 
2014-10-16T12:00:00Z,3.4,1.0, 
2014-10-16T09:00:00Z,0.3,2.0, 
2014-10-16T06:00:00Z,0.9,2.0, 
2014-10-16T03:00:00Z,1.0,1.0, 
2014-10-16T00:00:00Z,2.5,2.0, 
2014-10-15T21:00:00Z,4.9,1.0, 
2014-10-15T18:00:00Z,5.5,2.0, 
2014-10-15T15:00:00Z,7.9,2.0, 
2014-10-15T12:00:00Z,8.5,2.0, 
2014-10-15T09:00:00Z,6.2,1.0, 
2014-10-15T06:00:00Z,6.4,1.0, 
2014-10-15T03:00:00Z,7.4,0.0,Состояние неба в общем не изменилось. 
2014-10-15T00:00:00Z,7.4,1.0,Состояние неба в общем не изменилось. 
2014-10-14T21:00:00Z,7.0,1.0,Морось
2014-10-14T18:00:00Z,6.7,1.0,Морось
2014-10-14T15:00:00Z,6.4,1.0,Слабый дождь
2014-10-14T12:00:00Z,6.0,2.0,Слабый дождь
2014-10-14T09:00:00Z,6.0,1.0,Дождь
2014-10-14T06:00:00Z,5.8,0.0,Состояние неба в общем не изменилось. 
2014-10-14T03:00:00Z,7.1,0.0,Слабый дождь
2014-10-14T00:00:00Z,7.5,0.0, 
2014-10-13T21:00:00Z,7.8,0.0, 
2014-10-13T18:00:00Z,8.7,0.0, 
2014-10-13T15:00:00Z,9.5,1.0,Состояние неба в общем не изменилось. 
2014-10-13T12:00:00Z,9.2,1.0,Слабый дождь
2014-10-13T09:00:00Z,7.6,1.0,Слабый дождь
2014-10-13T06:00:00Z,7.7,1.0, 
2014-10-13T03:00:00Z,7.5,0.0, 
2014-10-13T00:00:00Z,8.1,1.0, 
2014-10-12T21:00:00Z,9.1,1.0, 
2014-10-12T18:00:00Z,10.8,0.0, 
2014-10-12T15:00:00Z,11.6,1.0, 
2014-10-12T12:00:00Z,10.5,1.0, 
2014-10-12T09:00:00Z,9.1,1.0, 
2014-10-12T06:00:00Z,9.3,1.0, 
2014-10-12T03:00:00Z,9.5,1.0, 
2014-10-12T00:00:00Z,10.4,2.0, 
2014-10-11T21:00:00Z,10.8,1.0, 
2014-10-11T18:00:00Z,11.5,3.0, 
2014-10-11T15:00:00Z,12.1,2.0, 
2014-10-11T12:00:00Z,12.4,3.0, 
2014-10-11T09:00:00Z,11.9,3.0, 
2014-10-11T06:00:00Z,12.0,3.0, 
2014-10-11T03:00:00Z,11.5,2.0, 
2014-10-11T00:00:00Z,11.2,2.0, 
2014-10-10T21:00:00Z,12.8,2.0,Состояние неба в общем не изменилось. 
2014-10-10T18:00:00Z,13.0,2.0,Состояние неба в общем не изменилось. 
2014-10-10T15:00:00Z,12.6,2.0,Дождь
2014-10-10T12:00:00Z,11.4,1.0,Слабый дождь
2014-10-10T09:00:00Z,9.3,1.0,
2014-10-10T06:00:00Z,8.4,2.0,Состояние неба в общем не изменилось. 
2014-10-10T03:00:00Z,8.2,1.0,Морось
2014-10-10T00:00:00Z,8.6,2.0,Дождь
2014-10-09T21:00:00Z,10.4,2.0, 
2014-10-09T18:00:00Z,10.8,1.0, 
2014-10-09T15:00:00Z,10.8,2.0, 
2014-10-09T12:00:00Z,10.3,1.0, 
2014-10-09T09:00:00Z,9.4,2.0, 
2014-10-09T06:00:00Z,9.2,2.0, 
2014-10-09T03:00:00Z,9.2,2.0, 
2014-10-09T00:00:00Z,9.4,3.0, 
2014-10-08T21:00:00Z,9.7,3.0,Дождь
2014-10-08T18:00:00Z,10.4,3.0,Слабый дождь
2014-10-08T15:00:00Z,10.9,3.0, 
2014-10-08T12:00:00Z,7.2,2.0, 
2014-10-08T09:00:00Z,3.2,2.0, 
2014-10-08T06:00:00Z,3.1,2.0, 
2014-10-08T03:00:00Z,4.3,1.0, 
2014-10-08T00:00:00Z,6.1,1.0, 
2014-10-07T21:00:00Z,7.6,1.0, 
2014-10-07T18:00:00Z,9.6,2.0, 
2014-10-07T15:00:00Z,10.3,2.0, 
2014-10-07T12:00:00Z,8.4,2.0, 
2014-10-07T09:00:00Z,5.3,0.0, 
2014-10-07T06:00:00Z,4.8,1.0, 
2014-10-07T03:00:00Z,4.4,1.0, 
2014-10-07T00:00:00Z,4.6,0.0, 
2014-10-06T21:00:00Z,6.6,1.0, 
2014-10-06T18:00:00Z,6.7,1.0, 
2014-10-06T15:00:00Z,7.1,1.0, 
2014-10-06T12:00:00Z,7.0,1.0, 
2014-10-06T09:00:00Z,6.4,2.0, 
2014-10-06T06:00:00Z,6.0,1.0, 
2014-10-06T03:00:00Z,5.9,0.0, 
2014-10-06T00:00:00Z,5.6,1.0, 
2014-10-05T21:00:00Z,4.8,2.0, 
2014-10-05T18:00:00Z,5.2,2.0, 
2014-10-05T15:00:00Z,6.5,1.0, 
2014-10-05T12:00:00Z,6.3,1.0, 
2014-10-05T09:00:00Z,5.6,1.0, 
2014-10-05T06:00:00Z,5.5,1.0, 
2014-10-05T03:00:00Z,5.6,1.0, 
2014-10-05T00:00:00Z,5.8,0.0, 
2014-10-04T21:00:00Z,7.4,1.0, 
2014-10-04T18:00:00Z,8.9,1.0, 
2014-10-04T15:00:00Z,10.4,1.0, 
2014-10-04T12:00:00Z,11.7,1.0, 
2014-10-04T09:00:00Z,5.3,0.0, 
2014-10-04T06:00:00Z,4.4,0.0, 
2014-10-04T03:00:00Z,4.9,0.0, 
2014-10-04T00:00:00Z,6.6,0.0, 
2014-10-03T21:00:00Z,9.9,1.0, 
2014-10-03T18:00:00Z,12.0,2.0, 
2014-10-03T15:00:00Z,12.7,3.0, 
2014-10-03T12:00:00Z,11.8,1.0, 
2014-10-03T09:00:00Z,9.5,1.0, 
2014-10-03T06:00:00Z,9.5,1.0, 
2014-10-03T03:00:00Z,8.5,1.0, 
2014-10-03T00:00:00Z,8.6,2.0, 
2014-10-02T21:00:00Z,10.0,2.0, 
2014-10-02T18:00:00Z,10.7,2.0, 
2014-10-02T15:00:00Z,11.7,2.0, 
2014-10-02T12:00:00Z,10.0,3.0, 
2014-10-02T09:00:00Z,5.9,2.0, 
2014-10-02T06:00:00Z,3.1,0.0, 
2014-10-02T03:00:00Z,3.8,0.0, 
2014-10-02T00:00:00Z,4.0,0.0, 
2014-10-01T21:00:00Z,6.1,0.0, 
2014-10-01T18:00:00Z,7.6,0.0, 
2014-10-01T15:00:00Z,8.5,1.0, 
2014-10-01T12:00:00Z,7.6,2.0, 
2014-10-01T09:00:00Z,4.6,1.0,Состояние неба в общем не изменилось. 
2014-10-01T06:00:00Z,4.8,1.0,Состояние неба в общем не изменилось. 
2014-10-01T03:00:00Z,5.3,1.0, 
2014-10-01T00:00:00Z,6.9,3.0, 
2014-09-30T21:00:00Z,7.7,2.0,Состояние неба в общем не изменилось. 
2014-09-30T18:00:00Z,9.3,4.0, 
2014-09-30T15:00:00Z,11.3,4.0, 
2014-09-30T12:00:00Z,11.4,4.0, 
2014-09-30T09:00:00Z,8.8,3.0, 
2014-09-30T06:00:00Z,9.4,3.0, 
2014-09-30T03:00:00Z,9.7,2.0,Состояние неба в общем не изменилось. 
2014-09-30T00:00:00Z,11.9,4.0,Состояние неба в общем не изменилось. 
2014-09-29T21:00:00Z,12.6,1.0,Слабый дождь
2014-09-29T18:00:00Z,13.7,3.0, 
2014-09-29T15:00:00Z,15.0,3.0, 
2014-09-29T12:00:00Z,13.8,3.0, 
2014-09-29T09:00:00Z,12.1,3.0, 
2014-09-29T06:00:00Z,11.8,2.0, 
2014-09-29T03:00:00Z,12.2,3.0, 
2014-09-29T00:00:00Z,12.8,3.0, 
2014-09-28T21:00:00Z,13.1,3.0, 
2014-09-28T18:00:00Z,13.8,3.0, 
2014-09-28T15:00:00Z,14.0,4.0,Состояние неба в общем не изменилось. 
2014-09-28T12:00:00Z,12.8,4.0,Состояние неба в общем не изменилось. 
2014-09-28T09:00:00Z,11.2,4.0,Ливень
2014-09-28T06:00:00Z,11.3,3.0, 
2014-09-28T03:00:00Z,10.1,2.0, 
2014-09-28T00:00:00Z,12.4,4.0, 
2014-09-27T21:00:00Z,11.9,3.0, 
2014-09-27T18:00:00Z,13.2,4.0, 
2014-09-27T15:00:00Z,12.8,4.0,Ливень
2014-09-27T12:00:00Z,14.1,3.0, 
2014-09-27T09:00:00Z,12.5,4.0,Дождь
2014-09-27T06:00:00Z,10.6,6.0,Дождь
2014-09-27T03:00:00Z,11.3,4.0, 
2014-09-27T00:00:00Z,11.9,4.0, 
2014-09-26T21:00:00Z,12.8,4.0, 
2014-09-26T18:00:00Z,14.8,3.0, 
2014-09-26T15:00:00Z,15.1,2.0, 
2014-09-26T12:00:00Z,11.9,2.0, 
2014-09-26T09:00:00Z,7.2,1.0, 
2014-09-26T06:00:00Z,6.7,1.0, 
2014-09-26T03:00:00Z,9.0,3.0, 
2014-09-26T00:00:00Z,9.7,2.0, 
2014-09-25T21:00:00Z,11.2,3.0, 
2014-09-25T18:00:00Z,12.8,3.0, 
2014-09-25T15:00:00Z,12.3,4.0,Состояние неба в общем не изменилось. 
2014-09-25T12:00:00Z,10.4,3.0,Состояние неба в общем не изменилось. 
2014-09-25T09:00:00Z,8.6,3.0,Состояние неба в общем не изменилось. 
2014-09-25T06:00:00Z,7.3,5.0,Слабый дождь
2014-09-25T03:00:00Z,7.0,3.0, 
2014-09-25T00:00:00Z,7.2,3.0, 
2014-09-24T21:00:00Z,7.0,2.0,Состояние неба в общем не изменилось. 
2014-09-24T18:00:00Z,8.3,3.0,Дождь
2014-09-24T15:00:00Z,8.4,5.0,Состояние неба в общем не изменилось. 
2014-09-24T12:00:00Z,6.6,2.0,Дождь
2014-09-24T09:00:00Z,5.0,3.0,Состояние неба в общем не изменилось. 
2014-09-24T06:00:00Z,3.7,3.0, 
2014-09-24T03:00:00Z,3.2,3.0,Состояние неба в общем не изменилось. 
2014-09-24T00:00:00Z,4.0,3.0,Состояние неба в общем не изменилось. 
2014-09-23T21:00:00Z,4.2,3.0,Слабый дождь
2014-09-23T18:00:00Z,5.5,3.0,Слабый дождь
2014-09-23T15:00:00Z,7.7,2.0,Слабый дождь
2014-09-23T12:00:00Z,11.8,2.0,Дождь
2014-09-23T09:00:00Z,11.8,1.0,Дождь
2014-09-23T06:00:00Z,12.2,1.0,Дождь
2014-09-23T03:00:00Z,12.4,3.0,Состояние неба в общем не изменилось. 
2014-09-23T00:00:00Z,12.7,2.0,Состояние неба в общем не изменилось. 
2014-09-22T21:00:00Z,12.6,2.0,Ливень
2014-09-22T18:00:00Z,14.4,3.0, 
2014-09-22T15:00:00Z,15.8,2.0, 
2014-09-22T12:00:00Z,13.8,2.0, 
2014-09-22T09:00:00Z,11.4,2.0,Состояние неба в общем не изменилось. 
2014-09-22T06:00:00Z,11.1,1.0, 
2014-09-22T03:00:00Z,13.7,2.0, 
2014-09-22T00:00:00Z,15.3,3.0, 
2014-09-21T21:00:00Z,16.2,2.0, 
2014-09-21T18:00:00Z,18.4,4.0, 
2014-09-21T15:00:00Z,19.3,3.0, 
2014-09-21T12:00:00Z,16.8,2.0, 
2014-09-21T09:00:00Z,11.3,2.0, 
2014-09-21T06:00:00Z,9.9,0.0, 
2014-09-21T03:00:00Z,9.9,0.0, 
2014-09-21T00:00:00Z,13.4,1.0, 
2014-09-20T21:00:00Z,14.1,1.0, 
2014-09-20T18:00:00Z,18.4,2.0, 
2014-09-20T15:00:00Z,19.1,2.0, 
2014-09-20T12:00:00Z,17.6,3.0, 
2014-09-20T09:00:00Z,12.3,1.0, 
2014-09-20T06:00:00Z,11.3,0.0, 
2014-09-20T03:00:00Z,12.5,1.0, 
2014-09-20T00:00:00Z,14.1,1.0, 
2014-09-19T21:00:00Z,13.6,0.0, 
2014-09-19T18:00:00Z,18.4,1.0, 
2014-09-19T15:00:00Z,17.8,1.0, 
2014-09-19T12:00:00Z,15.8,1.0, 
2014-09-19T09:00:00Z,11.6,0.0, 
2014-09-19T06:00:00Z,9.4,0.0, 
2014-09-19T03:00:00Z,10.1,0.0, 
2014-09-19T00:00:00Z,11.6,0.0, 
2014-09-18T21:00:00Z,13.1,1.0, 
2014-09-18T18:00:00Z,16.7,2.0, 
2014-09-18T15:00:00Z,18.8,2.0, 
2014-09-18T12:00:00Z,16.4,1.0, 
2014-09-18T09:00:00Z,11.9,1.0, 
2014-09-18T06:00:00Z,8.7,0.0,
2014-09-18T03:00:00Z,9.8,0.0,
2014-09-18T00:00:00Z,10.6,0.0, 
2014-09-17T21:00:00Z,12.8,0.0, 
2014-09-17T18:00:00Z,17.5,2.0, 
2014-09-17T15:00:00Z,18.8,1.0, 
2014-09-17T12:00:00Z,16.8,1.0, 
2014-09-17T09:00:00Z,11.4,1.0, 
2014-09-17T06:00:00Z,8.6,0.0, 
2014-09-17T03:00:00Z,8.9,0.0, 
2014-09-17T00:00:00Z,9.9,0.0, 
2014-09-16T21:00:00Z,12.8,1.0, 
2014-09-16T18:00:00Z,16.6,2.0, 
2014-09-16T15:00:00Z,16.8,2.0, 
2014-09-16T12:00:00Z,15.7,2.0, 
2014-09-16T09:00:00Z,11.0,0.0, 
2014-09-16T06:00:00Z,6.7,0.0, 
2014-09-16T03:00:00Z,7.7,0.0, 
2014-09-16T00:00:00Z,8.3,0.0, 
2014-09-15T21:00:00Z,11.0,0.0, 
2014-09-15T18:00:00Z,16.3,1.0, 
2014-09-15T15:00:00Z,18.0,2.0, 
2014-09-15T12:00:00Z,15.7,1.0, 
2014-09-15T09:00:00Z,13.7,1.0, 
2014-09-15T06:00:00Z,11.8,1.0, 
2014-09-15T03:00:00Z,12.9,1.0, 
2014-09-15T00:00:00Z,10.6,0.0, 
2014-09-14T21:00:00Z,12.8,1.0, 
2014-09-14T18:00:00Z,15.7,2.0, 
2014-09-14T15:00:00Z,14.6,2.0, 
2014-09-14T12:00:00Z,14.4,1.0, 
2014-09-14T09:00:00Z,11.5,1.0, 
2014-09-14T06:00:00Z,8.4,0.0, 
2014-09-14T03:00:00Z,10.6,0.0, 
2014-09-14T00:00:00Z,10.6,0.0, 
2014-09-13T21:00:00Z,12.1,1.0, 
2014-09-13T18:00:00Z,14.8,1.0, 
2014-09-13T15:00:00Z,16.3,1.0, 
2014-09-13T12:00:00Z,15.0,1.0, 
2014-09-13T09:00:00Z,13.9,2.0,
2014-09-13T06:00:00Z,14.6,2.0, 
2014-09-13T03:00:00Z,14.8,1.0, 
2014-09-13T00:00:00Z,15.4,1.0, 
2014-09-12T21:00:00Z,15.8,1.0, 
2014-09-12T18:00:00Z,17.1,2.0, 
2014-09-12T15:00:00Z,18.2,2.0,Состояние неба в общем не изменилось. 
2014-09-12T12:00:00Z,16.5,2.0,Туман
2014-09-12T09:00:00Z,16.6,1.0,
2014-09-12T06:00:00Z,16.1,0.0,Состояние неба в общем не изменилось. 
2014-09-12T03:00:00Z,16.9,1.0, 
2014-09-12T00:00:00Z,15.4,0.0, 
2014-09-11T21:00:00Z,16.1,1.0, 
2014-09-11T18:00:00Z,22.5,2.0, 
2014-09-11T15:00:00Z,23.6,2.0, 
2014-09-11T12:00:00Z,21.2,2.0, 
2014-09-11T09:00:00Z,15.8,1.0, 
2014-09-11T06:00:00Z,13.4,0.0, 
2014-09-11T03:00:00Z,13.8,0.0, 
2014-09-11T00:00:00Z,17.1,0.0, 
2014-09-10T21:00:00Z,17.8,0.0,Состояние неба в общем не изменилось. 
2014-09-10T18:00:00Z,21.2,2.0, 
2014-09-10T15:00:00Z,21.3,1.0, 
2014-09-10T12:00:00Z,16.2,0.0,Состояние неба в общем не изменилось. 
2014-09-10T09:00:00Z,14.5,1.0, 
2014-09-10T06:00:00Z,14.4,1.0, 
2014-09-10T03:00:00Z,15.4,2.0, 
2014-09-10T00:00:00Z,17.2,1.0, 
2014-09-09T21:00:00Z,19.3,1.0, 
2014-09-09T18:00:00Z,22.6,1.0, 
2014-09-09T15:00:00Z,22.4,2.0, 
2014-09-09T12:00:00Z,21.4,2.0, 
2014-09-09T09:00:00Z,16.6,1.0, 
2014-09-09T06:00:00Z,11.4,0.0, 
2014-09-09T03:00:00Z,14.3,0.0, 
2014-09-09T00:00:00Z,16.1,0.0, 
2014-09-08T21:00:00Z,17.7,0.0, 
2014-09-08T18:00:00Z,21.1,1.0, 
2014-09-08T15:00:00Z,22.0,1.0, 
2014-09-08T12:00:00Z,19.5,1.0, 
2014-09-08T09:00:00Z,13.9,1.0, 
2014-09-08T06:00:00Z,9.8,0.0, 
2014-09-08T03:00:00Z,9.6,0.0, 
2014-09-08T00:00:00Z,12.2,0.0, 
2014-09-07T21:00:00Z,14.6,0.0, 
2014-09-07T18:00:00Z,19.4,2.0, 
2014-09-07T15:00:00Z,19.1,2.0, 
2014-09-07T12:00:00Z,18.1,1.0, 
2014-09-07T09:00:00Z,13.8,1.0, 
2014-09-07T06:00:00Z,11.7,0.0,
2014-09-07T03:00:00Z,12.2,0.0, 
2014-09-07T00:00:00Z,12.7,0.0, 
2014-09-06T21:00:00Z,15.1,1.0, 
2014-09-06T18:00:00Z,18.2,3.0, 
2014-09-06T15:00:00Z,18.5,3.0, 
2014-09-06T12:00:00Z,17.6,3.0, 
2014-09-06T09:00:00Z,14.6,2.0, 
2014-09-06T06:00:00Z,13.5,1.0, 
2014-09-06T03:00:00Z,14.2,2.0, 
2014-09-06T00:00:00Z,15.7,2.0, 
2014-09-05T21:00:00Z,15.2,1.0, 
2014-09-05T18:00:00Z,19.2,3.0, 
2014-09-05T15:00:00Z,19.2,4.0, 
2014-09-05T12:00:00Z,18.2,3.0, 
2014-09-05T09:00:00Z,15.7,2.0, 
2014-09-05T06:00:00Z,14.3,2.0, 
2014-09-05T03:00:00Z,14.8,3.0, 
2014-09-05T00:00:00Z,14.7,2.0, 
2014-09-04T21:00:00Z,14.9,1.0, 
2014-09-04T18:00:00Z,16.7,3.0, 
2014-09-04T15:00:00Z,16.3,3.0, 
2014-09-04T12:00:00Z,17.2,3.0, 
2014-09-04T09:00:00Z,15.4,2.0, 
2014-09-04T06:00:00Z,14.5,1.0, 
2014-09-04T03:00:00Z,14.4,1.0, 
2014-09-04T00:00:00Z,13.9,1.0, 
2014-09-03T21:00:00Z,15.1,2.0, 
2014-09-03T18:00:00Z,16.4,3.0, 
2014-09-03T15:00:00Z,17.5,2.0, 
2014-09-03T12:00:00Z,16.5,3.0, 
2014-09-03T09:00:00Z,12.8,2.0,Состояние неба в общем не изменилось. 
2014-09-03T06:00:00Z,11.8,1.0,Дождь
2014-09-03T03:00:00Z,10.8,1.0, 
2014-09-03T00:00:00Z,8.8,0.0, 
2014-09-02T21:00:00Z,10.6,0.0, 
2014-09-02T18:00:00Z,14.0,1.0, 
2014-09-02T15:00:00Z,13.7,1.0, 
2014-09-02T12:00:00Z,14.0,1.0, 
2014-09-02T09:00:00Z,10.4,1.0, 
2014-09-02T06:00:00Z,7.8,0.0, 
2014-09-02T03:00:00Z,9.8,0.0, 
2014-09-02T00:00:00Z,8.5,0.0, 
2014-09-01T21:00:00Z,10.6,0.0, 
2014-09-01T18:00:00Z,12.8,1.0, 
2014-09-01T15:00:00Z,12.8,1.0, 
2014-09-01T12:00:00Z,12.4,2.0, 
2014-09-01T09:00:00Z,11.5,1.0, 
2014-09-01T06:00:00Z,10.8,1.0, 
2014-09-01T03:00:00Z,10.8,1.0, 
2014-09-01T00:00:00Z,11.5,1.0, 
2014-08-31T21:00:00Z,11.9,1.0, 
2014-08-31T18:00:00Z,13.6,1.0, 
2014-08-31T15:00:00Z,14.4,1.0, 
2014-08-31T12:00:00Z,13.9,1.0, 
2014-08-31T09:00:00Z,11.6,2.0, 
2014-08-31T06:00:00Z,10.4,1.0, 
2014-08-31T03:00:00Z,9.9,0.0, 
2014-08-31T00:00:00Z,9.0,1.0, 
2014-08-30T21:00:00Z,11.8,1.0,
2014-08-30T18:00:00Z,14.0,2.0,Состояние неба в общем не изменилось. 
2014-08-30T15:00:00Z,12.2,1.0,Слабый дождь
2014-08-30T12:00:00Z,14.0,2.0, 
2014-08-30T09:00:00Z,10.9,2.0, 
2014-08-30T06:00:00Z,9.7,1.0, 
2014-08-30T03:00:00Z,11.3,2.0, 
2014-08-30T00:00:00Z,12.3,0.0, 
2014-08-29T21:00:00Z,13.3,0.0,Состояние неба в общем не изменилось. 
2014-08-29T18:00:00Z,15.4,1.0,
2014-08-29T15:00:00Z,14.6,1.0,Состояние неба в общем не изменилось. 
2014-08-29T12:00:00Z,13.5,1.0,Состояние неба в общем не изменилось. 
2014-08-29T09:00:00Z,12.2,1.0,Слабый дождь
2014-08-29T06:00:00Z,11.6,0.0,Слабый дождь
2014-08-29T03:00:00Z,11.1,1.0, 
2014-08-29T00:00:00Z,10.5,0.0, 
2014-08-28T21:00:00Z,13.6,1.0,
2014-08-28T18:00:00Z,16.9,2.0,Состояние неба в общем не изменилось. 
2014-08-28T15:00:00Z,15.8,2.0, 
2014-08-28T12:00:00Z,14.6,1.0, 
2014-08-28T09:00:00Z,13.1,0.0, 
2014-08-28T06:00:00Z,12.2,0.0, 
2014-08-28T03:00:00Z,12.5,0.0, 
2014-08-28T00:00:00Z,13.1,0.0, 
2014-08-27T21:00:00Z,13.2,0.0,Состояние неба в общем не изменилось. 
2014-08-27T18:00:00Z,12.8,1.0,Слабый дождь
2014-08-27T15:00:00Z,12.6,3.0,Слабый дождь
2014-08-27T12:00:00Z,12.1,4.0,Слабый дождь
2014-08-27T09:00:00Z,12.4,3.0,Морось
2014-08-27T06:00:00Z,12.1,4.0,Состояние неба в общем не изменилось. 
2014-08-27T03:00:00Z,12.3,4.0,Слабый дождь
2014-08-27T00:00:00Z,13.5,4.0,Состояние неба в общем не изменилось. 
2014-08-26T21:00:00Z,14.0,4.0,Состояние неба в общем не изменилось. 
2014-08-26T18:00:00Z,14.4,4.0,Состояние неба в общем не изменилось. 
2014-08-26T15:00:00Z,15.5,2.0,Ливень
2014-08-26T12:00:00Z,15.5,2.0,Ливень
2014-08-26T09:00:00Z,14.3,1.0, 
2014-08-26T06:00:00Z,14.0,1.0, 
2014-08-26T03:00:00Z,14.3,1.0,Состояние неба в общем не изменилось. 
2014-08-26T00:00:00Z,14.4,1.0,Состояние неба в общем не изменилось. 
2014-08-25T21:00:00Z,14.1,1.0,Дождь
2014-08-25T18:00:00Z,14.2,1.0,Дождь
2014-08-25T15:00:00Z,16.5,1.0,Слабый дождь
2014-08-25T12:00:00Z,16.2,1.0,Состояние неба в общем не изменилось. 
2014-08-25T09:00:00Z,14.8,1.0,Слабый дождь
2014-08-25T06:00:00Z,13.6,1.0,Слабый дождь
2014-08-25T03:00:00Z,14.5,1.0,Слабый дождь
2014-08-25T00:00:00Z,15.4,0.0, 
2014-08-24T21:00:00Z,16.2,0.0, 
2014-08-24T18:00:00Z,18.8,1.0, 
2014-08-24T15:00:00Z,18.4,2.0, 
2014-08-24T12:00:00Z,16.6,3.0, 
2014-08-24T09:00:00Z,13.0,2.0,Состояние неба в общем не изменилось. 
2014-08-24T06:00:00Z,12.8,3.0, 
2014-08-24T03:00:00Z,13.7,1.0, 
2014-08-24T00:00:00Z,15.4,1.0, 
2014-08-23T21:00:00Z,16.8,1.0,Состояние неба в общем не изменилось. 
2014-08-23T18:00:00Z,17.0,1.0,Ливень
2014-08-23T15:00:00Z,19.6,2.0, 
2014-08-23T12:00:00Z,17.8,3.0, 
2014-08-23T09:00:00Z,14.3,3.0, 
2014-08-23T06:00:00Z,12.5,3.0, 
2014-08-23T03:00:00Z,13.0,3.0,
2014-08-23T00:00:00Z,14.0,4.0,Ливень
2014-08-22T21:00:00Z,15.2,3.0,Ливень
2014-08-22T18:00:00Z,15.6,3.0,Гроза
2014-08-22T15:00:00Z,17.2,3.0,
2014-08-22T12:00:00Z,13.7,2.0,Ливень
2014-08-22T09:00:00Z,13.4,2.0,Ливень
2014-08-22T06:00:00Z,13.2,1.0,Слабый дождь
2014-08-22T03:00:00Z,13.5,1.0,Слабый дождь
2014-08-22T00:00:00Z,16.3,2.0, 
2014-08-21T21:00:00Z,17.5,2.0, 
2014-08-21T18:00:00Z,19.4,4.0, 
2014-08-21T15:00:00Z,19.7,4.0, 
2014-08-21T12:00:00Z,17.3,4.0, 
2014-08-21T09:00:00Z,14.2,4.0, 
2014-08-21T06:00:00Z,12.4,4.0, 
2014-08-21T03:00:00Z,13.1,3.0,
2014-08-21T00:00:00Z,14.5,4.0,Состояние неба в общем не изменилось. 
2014-08-20T21:00:00Z,15.0,3.0,Ливень
2014-08-20T18:00:00Z,19.4,4.0, 
2014-08-20T15:00:00Z,20.9,3.0, 
2014-08-20T12:00:00Z,18.8,3.0, 
2014-08-20T09:00:00Z,15.4,4.0, 
2014-08-20T06:00:00Z,13.8,2.0, 
2014-08-20T03:00:00Z,15.5,3.0, 
2014-08-20T00:00:00Z,16.4,4.0, 
2014-08-19T21:00:00Z,18.4,4.0,Состояние неба в общем не изменилось. 
2014-08-19T18:00:00Z,19.0,2.0,
2014-08-19T15:00:00Z,19.3,5.0,
2014-08-19T12:00:00Z,16.6,3.0,Ливень
2014-08-19T09:00:00Z,17.0,3.0, 
2014-08-19T06:00:00Z,16.5,1.0, 
2014-08-19T03:00:00Z,17.6,1.0, 
2014-08-19T00:00:00Z,18.6,1.0, 
2014-08-18T21:00:00Z,20.1,3.0, 
2014-08-18T18:00:00Z,21.4,4.0, 
2014-08-18T15:00:00Z,20.9,3.0, 
2014-08-18T12:00:00Z,20.5,3.0, 
2014-08-18T09:00:00Z,17.5,2.0, 
2014-08-18T06:00:00Z,14.8,2.0, 
2014-08-18T03:00:00Z,15.8,1.0, 
2014-08-18T00:00:00Z,16.7,1.0, 
2014-08-17T21:00:00Z,19.0,2.0, 
2014-08-17T18:00:00Z,20.9,2.0, 
2014-08-17T15:00:00Z,20.4,2.0,Состояние неба в общем не изменилось. 
2014-08-17T12:00:00Z,19.2,2.0,Ливень
2014-08-17T09:00:00Z,17.0,1.0,Состояние неба в общем не изменилось. 
2014-08-17T06:00:00Z,15.5,1.0, 
2014-08-17T03:00:00Z,15.7,1.0, 
2014-08-17T00:00:00Z,16.9,2.0, 
2014-08-16T21:00:00Z,17.3,1.0,Состояние неба в общем не изменилось. 
2014-08-16T18:00:00Z,19.3,2.0, 
2014-08-16T15:00:00Z,18.6,2.0,Ливень
2014-08-16T12:00:00Z,19.7,2.0,Состояние неба в общем не изменилось. 
2014-08-16T09:00:00Z,17.2,2.0,Слабый дождь
2014-08-16T06:00:00Z,16.3,2.0, 
2014-08-16T03:00:00Z,16.9,2.0, 
2014-08-16T00:00:00Z,17.7,1.0, 
2014-08-15T21:00:00Z,19.4,3.0, 
2014-08-15T18:00:00Z,20.9,3.0, 
2014-08-15T15:00:00Z,21.0,4.0, 
2014-08-15T12:00:00Z,18.3,2.0,Состояние неба в общем не изменилось. 
2014-08-15T09:00:00Z,15.6,2.0,Морось
2014-08-15T06:00:00Z,15.0,1.0,Морось
2014-08-15T03:00:00Z,14.6,0.0,Морось
2014-08-15T00:00:00Z,14.8,1.0,Морось
2014-08-14T21:00:00Z,15.8,2.0,Состояние неба в общем не изменилось. 
2014-08-14T18:00:00Z,17.4,2.0,Дождь
2014-08-14T15:00:00Z,21.0,2.0, 
2014-08-14T12:00:00Z,22.1,3.0, 
2014-08-14T09:00:00Z,18.4,2.0, 
2014-08-14T06:00:00Z,15.9,1.0, 
2014-08-14T03:00:00Z,16.0,1.0, 
2014-08-14T00:00:00Z,18.0,1.0, 
2014-08-13T21:00:00Z,18.8,2.0,Состояние неба в общем не изменилось. 
2014-08-13T18:00:00Z,20.5,3.0, 
2014-08-13T15:00:00Z,20.2,3.0,Состояние неба в общем не изменилось. 
2014-08-13T12:00:00Z,20.9,4.0,Состояние неба в общем не изменилось. 
2014-08-13T09:00:00Z,19.1,1.0,Состояние неба в общем не изменилось. 
2014-08-13T06:00:00Z,17.8,1.0,Состояние неба в общем не изменилось. 
2014-08-13T03:00:00Z,17.7,3.0,Ливень
2014-08-13T00:00:00Z,20.6,1.0, 
2014-08-12T21:00:00Z,21.6,2.0,Состояние неба в общем не изменилось. 
2014-08-12T18:00:00Z,24.1,2.0,Состояние неба в общем не изменилось. 
2014-08-12T15:00:00Z,19.1,2.0,Ливень
2014-08-12T12:00:00Z,22.2,3.0,Слабый дождь
2014-08-12T09:00:00Z,20.8,3.0,Дождь
2014-08-12T06:00:00Z,20.3,0.0,Состояние неба в общем не изменилось. 
2014-08-12T03:00:00Z,22.0,1.0, 
2014-08-12T00:00:00Z,24.0,1.0, 
2014-08-11T21:00:00Z,26.0,3.0, 
2014-08-11T18:00:00Z,,, 
2014-08-11T15:00:00Z,28.0,3.0, 
2014-08-11T12:00:00Z,25.8,2.0, 
2014-08-11T09:00:00Z,22.4,1.0, 
2014-08-11T06:00:00Z,19.0,0.0, 
2014-08-11T03:00:00Z,20.2,1.0, 
2014-08-11T00:00:00Z,21.9,1.0, 
2014-08-10T21:00:00Z,23.0,1.0, 
2014-08-10T18:00:00Z,25.7,3.0, 
2014-08-10T15:00:00Z,25.6,3.0, 
2014-08-10T12:00:00Z,24.6,3.0, 
2014-08-10T09:00:00Z,22.5,2.0, 
2014-08-10T06:00:00Z,19.1,1.0, 
2014-08-10T03:00:00Z,20.3,2.0, 
2014-08-10T00:00:00Z,21.1,1.0,Слабый дождь
2014-08-09T21:00:00Z,22.7,2.0, 
2014-08-09T18:00:00Z,25.4,3.0, 
2014-08-09T15:00:00Z,26.0,2.0, 
2014-08-09T12:00:00Z,24.9,2.0, 
2014-08-09T09:00:00Z,22.2,3.0, 
2014-08-09T06:00:00Z,20.2,1.0, 
2014-08-09T03:00:00Z,20.7,2.0, 
2014-08-09T00:00:00Z,20.7,1.0, 
2014-08-08T21:00:00Z,22.5,1.0, 
2014-08-08T18:00:00Z,24.4,2.0, 
2014-08-08T15:00:00Z,23.4,2.0,Состояние неба в общем не изменилось. 
2014-08-08T12:00:00Z,19.0,1.0,Гроза
2014-08-08T09:00:00Z,24.0,2.0,Состояние неба в общем не изменилось. 
2014-08-08T06:00:00Z,21.4,0.0,Гроза
2014-08-08T03:00:00Z,22.0,1.0,Гроза
2014-08-08T00:00:00Z,23.3,0.0, 
2014-08-07T21:00:00Z,26.4,0.0,Состояние неба в общем не изменилось. 
2014-08-07T18:00:00Z,27.0,1.0,Гроза
2014-08-07T15:00:00Z,30.0,1.0, 
2014-08-07T12:00:00Z,29.9,2.0, 
2014-08-07T09:00:00Z,25.6,1.0, 
2014-08-07T06:00:00Z,19.7,0.0, 
2014-08-07T03:00:00Z,20.4,0.0, 
2014-08-07T00:00:00Z,22.1,0.0, 
2014-08-06T21:00:00Z,25.2,1.0, 
2014-08-06T18:00:00Z,29.0,2.0, 
2014-08-06T15:00:00Z,29.3,2.0, 
2014-08-06T12:00:00Z,28.4,2.0, 
2014-08-06T09:00:00Z,25.0,2.0, 
2014-08-06T06:00:00Z,20.9,1.0, 
2014-08-06T03:00:00Z,22.7,1.0, 
2014-08-06T00:00:00Z,23.0,1.0, 
2014-08-05T21:00:00Z,25.3,1.0, 
2014-08-05T18:00:00Z,30.0,1.0, 
2014-08-05T15:00:00Z,30.1,1.0, 
2014-08-05T12:00:00Z,27.3,3.0, 
2014-08-05T09:00:00Z,25.2,1.0, 
2014-08-05T06:00:00Z,19.3,0.0, 
2014-08-05T03:00:00Z,19.7,0.0, 
2014-08-05T00:00:00Z,21.9,1.0, 
2014-08-04T21:00:00Z,25.1,1.0, 
2014-08-04T18:00:00Z,24.8,1.0, 
2014-08-04T15:00:00Z,29.2,1.0, 
2014-08-04T12:00:00Z,28.0,1.0, 
2014-08-04T09:00:00Z,23.2,1.0, 
2014-08-04T06:00:00Z,19.8,0.0, 
2014-08-04T03:00:00Z,20.6,0.0, 
2014-08-04T00:00:00Z,21.7,1.0, 
2014-08-03T21:00:00Z,24.7,1.0, 
2014-08-03T18:00:00Z,28.6,1.0, 
2014-08-03T15:00:00Z,29.0,1.0, 
2014-08-03T12:00:00Z,27.3,1.0, 
2014-08-03T09:00:00Z,24.5,1.0, 
2014-08-03T06:00:00Z,18.5,0.0, 
2014-08-03T03:00:00Z,19.2,0.0, 
2014-08-03T00:00:00Z,20.2,0.0, 
2014-08-02T21:00:00Z,23.8,1.0, 
2014-08-02T18:00:00Z,26.0,2.0, 
2014-08-02T15:00:00Z,24.8,3.0, 
2014-08-02T12:00:00Z,23.5,3.0, 
2014-08-02T09:00:00Z,22.4,2.0, 
2014-08-02T06:00:00Z,20.6,2.0, 
2014-08-02T03:00:00Z,21.1,1.0, 
2014-08-02T00:00:00Z,21.9,1.0, 
2014-08-01T21:00:00Z,23.2,1.0, 
2014-08-01T18:00:00Z,26.0,3.0, 
2014-08-01T15:00:00Z,26.0,3.0, 
2014-08-01T12:00:00Z,24.2,2.0, 
2014-08-01T09:00:00Z,22.6,3.0,Состояние неба в общем не изменилось. 
2014-08-01T06:00:00Z,21.4,3.0,Слабый дождь
2014-08-01T03:00:00Z,22.2,4.0, 
2014-08-01T00:00:00Z,23.2,3.0, 
2014-07-31T21:00:00Z,24.8,4.0, 
2014-07-31T18:00:00Z,31.9,4.0, 
2014-07-31T15:00:00Z,32.4,4.0, 
2014-07-31T12:00:00Z,30.5,3.0, 
2014-07-31T09:00:00Z,26.5,2.0, 
2014-07-31T06:00:00Z,22.4,1.0, 
2014-07-31T03:00:00Z,22.9,1.0, 
2014-07-31T00:00:00Z,23.6,1.0, 
2014-07-30T21:00:00Z,24.6,2.0, 
2014-07-30T18:00:00Z,27.2,1.0, 
2014-07-30T15:00:00Z,28.2,2.0, 
2014-07-30T12:00:00Z,25.6,2.0, 
2014-07-30T09:00:00Z,23.9,1.0, 
2014-07-30T06:00:00Z,21.0,1.0, 
2014-07-30T03:00:00Z,20.4,2.0,Состояние неба в общем не изменилось. 
2014-07-30T00:00:00Z,21.8,2.0,Состояние неба в общем не изменилось. 
2014-07-29T21:00:00Z,25.6,1.0, 
2014-07-29T18:00:00Z,28.5,2.0, 
2014-07-29T15:00:00Z,28.0,2.0, 
2014-07-29T12:00:00Z,25.8,2.0, 
2014-07-29T09:00:00Z,21.6,2.0,Состояние неба в общем не изменилось. 
2014-07-29T06:00:00Z,22.0,1.0, 
2014-07-29T03:00:00Z,23.2,2.0, 
2014-07-29T00:00:00Z,25.1,1.0, 
2014-07-28T21:00:00Z,27.6,0.0, 
2014-07-28T18:00:00Z,30.0,1.0, 
2014-07-28T15:00:00Z,30.2,2.0, 
2014-07-28T12:00:00Z,29.0,2.0, 
2014-07-28T09:00:00Z,25.6,2.0, 
2014-07-28T06:00:00Z,22.8,2.0, 
2014-07-28T03:00:00Z,20.7,0.0, 
2014-07-28T00:00:00Z,22.5,0.0, 
2014-07-27T21:00:00Z,26.7,1.0, 
2014-07-27T18:00:00Z,30.3,2.0, 
2014-07-27T15:00:00Z,30.6,3.0, 
2014-07-27T12:00:00Z,29.2,2.0, 
2014-07-27T09:00:00Z,25.4,1.0, 
2014-07-27T06:00:00Z,20.0,0.0, 
2014-07-27T03:00:00Z,20.2,0.0, 
2014-07-27T00:00:00Z,22.8,0.0, 
2014-07-26T21:00:00Z,26.0,2.0, 
2014-07-26T18:00:00Z,30.0,2.0, 
2014-07-26T15:00:00Z,29.6,2.0, 
2014-07-26T12:00:00Z,26.4,3.0, 
2014-07-26T09:00:00Z,23.2,2.0, 
2014-07-26T06:00:00Z,21.4,1.0, 
2014-07-26T03:00:00Z,21.4,1.0, 
2014-07-26T00:00:00Z,22.3,2.0, 
2014-07-25T21:00:00Z,24.3,2.0, 
2014-07-25T18:00:00Z,25.9,4.0, 
2014-07-25T15:00:00Z,26.3,4.0, 
2014-07-25T12:00:00Z,24.3,2.0, 
2014-07-25T09:00:00Z,21.4,2.0, 
2014-07-25T06:00:00Z,16.9,0.0, 
2014-07-25T03:00:00Z,16.9,0.0, 
2014-07-25T00:00:00Z,18.8,0.0, 
2014-07-24T21:00:00Z,23.2,0.0, 
2014-07-24T18:00:00Z,26.1,0.0, 
2014-07-24T15:00:00Z,26.7,1.0, 
2014-07-24T12:00:00Z,25.9,1.0, 
2014-07-24T09:00:00Z,23.4,1.0, 
2014-07-24T06:00:00Z,19.3,0.0, 
2014-07-24T03:00:00Z,19.6,0.0, 
2014-07-24T00:00:00Z,22.0,0.0, 
2014-07-23T21:00:00Z,24.4,1.0, 
2014-07-23T18:00:00Z,26.5,2.0, 
2014-07-23T15:00:00Z,25.4,2.0, 
2014-07-23T12:00:00Z,23.8,3.0, 
2014-07-23T09:00:00Z,21.4,1.0, 
2014-07-23T06:00:00Z,16.9,0.0, 
2014-07-23T03:00:00Z,17.1,0.0, 
2014-07-23T00:00:00Z,19.2,0.0, 
2014-07-22T21:00:00Z,23.6,1.0, 
2014-07-22T18:00:00Z,24.6,3.0, 
2014-07-22T15:00:00Z,25.2,3.0, 
2014-07-22T12:00:00Z,24.5,2.0, 
2014-07-22T09:00:00Z,21.6,1.0, 
2014-07-22T06:00:00Z,17.5,0.0, 
2014-07-22T03:00:00Z,17.8,0.0, 
2014-07-22T00:00:00Z,19.4,0.0, 
2014-07-21T21:00:00Z,22.7,1.0, 
2014-07-21T18:00:00Z,24.2,2.0, 
2014-07-21T15:00:00Z,24.6,1.0, 
2014-07-21T12:00:00Z,22.9,1.0, 
2014-07-21T09:00:00Z,21.9,1.0, 
2014-07-21T06:00:00Z,18.5,0.0, 
2014-07-21T03:00:00Z,18.8,1.0, 
2014-07-21T00:00:00Z,20.6,0.0, 
2014-07-20T21:00:00Z,24.1,1.0, 
2014-07-20T18:00:00Z,25.9,1.0, 
2014-07-20T15:00:00Z,26.8,1.0, 
2014-07-20T12:00:00Z,25.8,1.0, 
2014-07-20T09:00:00Z,22.0,1.0, 
2014-07-20T06:00:00Z,19.4,0.0, 
2014-07-20T03:00:00Z,18.8,0.0, 
2014-07-20T00:00:00Z,20.0,0.0, 
2014-07-19T21:00:00Z,23.5,0.0, 
2014-07-19T18:00:00Z,26.7,1.0, 
2014-07-19T15:00:00Z,25.0,2.0, 
2014-07-19T12:00:00Z,26.5,1.0, 
2014-07-19T09:00:00Z,23.0,1.0, 
2014-07-19T06:00:00Z,18.6,0.0, 
2014-07-19T03:00:00Z,18.5,0.0, 
2014-07-19T00:00:00Z,19.9,1.0, 
2014-07-18T21:00:00Z,23.1,1.0, 
2014-07-18T18:00:00Z,25.6,0.0, 
2014-07-18T15:00:00Z,25.5,1.0, 
2014-07-18T12:00:00Z,22.2,1.0, 
2014-07-18T09:00:00Z,21.5,0.0, 
2014-07-18T06:00:00Z,17.4,1.0, 
2014-07-18T03:00:00Z,16.3,0.0, 
2014-07-18T00:00:00Z,17.7,1.0, 
2014-07-17T21:00:00Z,21.2,1.0, 
2014-07-17T18:00:00Z,22.8,3.0, 
2014-07-17T15:00:00Z,22.7,2.0, 
2014-07-17T12:00:00Z,21.2,4.0, 
2014-07-17T09:00:00Z,20.4,1.0, 
2014-07-17T06:00:00Z,18.0,1.0, 
2014-07-17T03:00:00Z,19.2,2.0, 
2014-07-17T00:00:00Z,20.2,1.0, 
2014-07-16T21:00:00Z,22.4,1.0, 
2014-07-16T18:00:00Z,24.2,2.0, 
2014-07-16T15:00:00Z,24.1,3.0, 
2014-07-16T12:00:00Z,22.1,2.0, 
2014-07-16T09:00:00Z,20.0,2.0, 
2014-07-16T06:00:00Z,18.7,1.0, 
2014-07-16T03:00:00Z,19.0,1.0,
2014-07-16T00:00:00Z,20.0,1.0,
2014-07-15T21:00:00Z,18.2,1.0,Гроза
2014-07-15T18:00:00Z,27.8,2.0, 
2014-07-15T15:00:00Z,26.7,2.0, 
2014-07-15T12:00:00Z,24.8,2.0, 
2014-07-15T09:00:00Z,20.8,1.0, 
2014-07-15T06:00:00Z,19.0,1.0, 
2014-07-15T03:00:00Z,19.0,1.0,Состояние неба в общем не изменилось. 
2014-07-15T00:00:00Z,19.5,1.0,Состояние неба в общем не изменилось. 
2014-07-14T21:00:00Z,19.1,1.0,Дождь
2014-07-14T18:00:00Z,27.6,3.0, 
2014-07-14T15:00:00Z,27.1,4.0, 
2014-07-14T12:00:00Z,27.2,2.0, 
2014-07-14T09:00:00Z,24.4,2.0, 
2014-07-14T06:00:00Z,22.0,1.0, 
2014-07-14T03:00:00Z,23.5,1.0, 
2014-07-14T00:00:00Z,24.8,2.0, 
2014-07-13T21:00:00Z,27.5,2.0, 
2014-07-13T18:00:00Z,29.3,3.0, 
2014-07-13T15:00:00Z,28.7,2.0, 
2014-07-13T12:00:00Z,26.3,2.0, 
2014-07-13T09:00:00Z,21.9,2.0, 
2014-07-13T06:00:00Z,18.6,3.0, 
2014-07-13T03:00:00Z,18.8,1.0, 
2014-07-13T00:00:00Z,19.8,1.0, 
2014-07-12T21:00:00Z,22.6,1.0, 
2014-07-12T18:00:00Z,23.5,2.0, 
2014-07-12T15:00:00Z,24.0,2.0, 
2014-07-12T12:00:00Z,20.9,2.0, 
2014-07-12T09:00:00Z,18.7,1.0, 
2014-07-12T06:00:00Z,14.2,0.0, 
2014-07-12T03:00:00Z,13.5,0.0, 
2014-07-12T00:00:00Z,15.0,0.0, 
2014-07-11T21:00:00Z,19.0,1.0, 
2014-07-11T18:00:00Z,20.2,1.0, 
2014-07-11T15:00:00Z,19.2,1.0, 
2014-07-11T12:00:00Z,18.5,2.0, 
2014-07-11T09:00:00Z,16.0,1.0, 
2014-07-11T06:00:00Z,11.5,0.0, 
2014-07-11T03:00:00Z,12.0,1.0, 
2014-07-11T00:00:00Z,13.0,1.0, 
2014-07-10T21:00:00Z,15.1,1.0, 
2014-07-10T18:00:00Z,15.7,2.0, 
2014-07-10T15:00:00Z,14.8,2.0, 
2014-07-10T12:00:00Z,14.7,3.0, 
2014-07-10T09:00:00Z,14.2,1.0, 
2014-07-10T06:00:00Z,13.9,2.0, 
2014-07-10T03:00:00Z,15.3,1.0, 
2014-07-10T00:00:00Z,16.5,1.0, 
2014-07-09T21:00:00Z,21.0,1.0, 
2014-07-09T18:00:00Z,26.2,2.0, 
2014-07-09T15:00:00Z,25.4,2.0, 
2014-07-09T12:00:00Z,25.3,3.0, 
2014-07-09T09:00:00Z,22.3,1.0, 
2014-07-09T06:00:00Z,16.7,0.0, 
2014-07-09T03:00:00Z,16.4,0.0, 
2014-07-09T00:00:00Z,18.8,0.0, 
2014-07-08T21:00:00Z,24.6,1.0, 
2014-07-08T18:00:00Z,26.8,1.0, 
2014-07-08T15:00:00Z,27.2,1.0, 
2014-07-08T12:00:00Z,26.2,1.0, 
2014-07-08T09:00:00Z,22.9,1.0, 
2014-07-08T06:00:00Z,17.2,0.0, 
2014-07-08T03:00:00Z,17.6,0.0, 
2014-07-08T00:00:00Z,19.2,0.0, 
2014-07-07T21:00:00Z,23.6,1.0, 
2014-07-07T18:00:00Z,26.4,2.0, 
2014-07-07T15:00:00Z,26.6,1.0, 
2014-07-07T12:00:00Z,25.5,1.0, 
2014-07-07T09:00:00Z,22.1,1.0, 
2014-07-07T06:00:00Z,16.2,0.0, 
2014-07-07T03:00:00Z,15.1,0.0, 
2014-07-07T00:00:00Z,16.8,0.0, 
2014-07-06T21:00:00Z,21.7,1.0, 
2014-07-06T18:00:00Z,24.2,1.0, 
2014-07-06T15:00:00Z,23.9,2.0, 
2014-07-06T12:00:00Z,22.9,3.0, 
2014-07-06T09:00:00Z,20.0,1.0, 
2014-07-06T06:00:00Z,13.4,0.0, 
2014-07-06T03:00:00Z,12.6,0.0, 
2014-07-06T00:00:00Z,14.0,0.0, 
2014-07-05T21:00:00Z,18.2,1.0, 
2014-07-05T18:00:00Z,20.9,2.0, 
2014-07-05T15:00:00Z,19.8,3.0, 
2014-07-05T12:00:00Z,19.5,2.0, 
2014-07-05T09:00:00Z,16.6,1.0, 
2014-07-05T06:00:00Z,14.5,2.0, 
2014-07-05T03:00:00Z,,, 
2014-07-05T00:00:00Z,15.4,2.0, 
2014-07-04T21:00:00Z,16.9,3.0, 
2014-07-04T18:00:00Z,18.2,3.0, 
2014-07-04T15:00:00Z,15.8,3.0,Состояние неба в общем не изменилось. 
2014-07-04T12:00:00Z,15.9,4.0,Состояние неба в общем не изменилось. 
2014-07-04T09:00:00Z,14.1,3.0,Слабый дождь
2014-07-04T06:00:00Z,14.2,3.0,Дождь
2014-07-04T03:00:00Z,14.0,2.0,Состояние неба в общем не изменилось. 
2014-07-04T00:00:00Z,14.6,1.0,Состояние неба в общем не изменилось. 
2014-07-03T21:00:00Z,18.1,2.0,Состояние неба в общем не изменилось. 
2014-07-03T18:00:00Z,19.4,2.0, 
2014-07-03T15:00:00Z,17.7,1.0,Ливень
2014-07-03T12:00:00Z,18.0,2.0, 
2014-07-03T09:00:00Z,14.9,3.0, 
2014-07-03T06:00:00Z,13.3,3.0, 
2014-07-03T03:00:00Z,13.9,2.0,Состояние неба в общем не изменилось. 
2014-07-03T00:00:00Z,13.4,1.0,Дождь
2014-07-02T21:00:00Z,16.9,1.0, 
2014-07-02T18:00:00Z,18.0,1.0, 
2014-07-02T15:00:00Z,17.0,2.0,Состояние неба в общем не изменилось. 
2014-07-02T12:00:00Z,15.8,3.0,Состояние неба в общем не изменилось. 
2014-07-02T09:00:00Z,14.4,3.0,Состояние неба в общем не изменилось. 
2014-07-02T06:00:00Z,14.0,3.0, 
2014-07-02T03:00:00Z,15.0,3.0, 
2014-07-02T00:00:00Z,15.1,0.0, 
2014-07-01T21:00:00Z,15.3,1.0,Состояние неба в общем не изменилось. 
2014-07-01T18:00:00Z,17.0,1.0,Состояние неба в общем не изменилось. 
2014-07-01T15:00:00Z,16.8,1.0, 
2014-07-01T12:00:00Z,14.7,2.0, 
2014-07-01T09:00:00Z,13.9,2.0, 
2014-07-01T06:00:00Z,13.4,2.0, 
2014-07-01T03:00:00Z,13.7,2.0,Состояние неба в общем не изменилось. 
2014-07-01T00:00:00Z,14.0,2.0,Дождь
2014-06-30T21:00:00Z,19.0,2.0,Состояние неба в общем не изменилось. 
2014-06-30T18:00:00Z,18.7,1.0,Слабый дождь
2014-06-30T15:00:00Z,18.2,2.0,Слабый дождь
2014-06-30T12:00:00Z,17.8,2.0, 
2014-06-30T09:00:00Z,14.8,1.0,Дождь
2014-06-30T06:00:00Z,13.4,2.0,Дождь
2014-06-30T03:00:00Z,12.2,2.0,Слабый дождь
2014-06-30T00:00:00Z,12.0,1.0,Слабый дождь
2014-06-29T21:00:00Z,12.5,2.0,Слабый дождь
2014-06-29T18:00:00Z,15.4,4.0,Слабый дождь
2014-06-29T15:00:00Z,20.4,2.0, 
2014-06-29T12:00:00Z,18.1,2.0, 
2014-06-29T09:00:00Z,17.1,1.0, 
2014-06-29T06:00:00Z,13.0,1.0, 
2014-06-29T03:00:00Z,10.6,0.0, 
2014-06-29T00:00:00Z,11.8,0.0, 
2014-06-28T21:00:00Z,17.6,1.0, 
2014-06-28T18:00:00Z,17.9,3.0, 
2014-06-28T15:00:00Z,18.0,3.0, 
2014-06-28T12:00:00Z,15.6,2.0, 
2014-06-28T09:00:00Z,13.5,0.0, 
2014-06-28T06:00:00Z,9.2,0.0, 
2014-06-28T03:00:00Z,8.6,0.0, 
2014-06-28T00:00:00Z,10.4,0.0, 
2014-06-27T21:00:00Z,14.7,1.0, 
2014-06-27T18:00:00Z,15.7,1.0, 
2014-06-27T15:00:00Z,15.4,1.0, 
2014-06-27T12:00:00Z,14.2,2.0, 
2014-06-27T09:00:00Z,12.9,1.0, 
2014-06-27T06:00:00Z,8.6,1.0, 
2014-06-27T03:00:00Z,8.4,0.0, 
2014-06-27T00:00:00Z,10.0,1.0, 
